Иванов,Иван,Иванович
Петров,Петр,Петрович
Неивестнов1,Неивестный1,Неивестнович1
Неивестнов2,Неивестный2,Неивестнович2
Неивестнов3,Неивестный3,Неивестнович3
Неивестнов4,Неивестный4,Неивестнович4
Неивестнов5,Неивестный5,Неивестнович5
Неивестнов6,Неивестный6,Неивестнович6
Неивестнов7,Неивестный7,Неивестнович7
Неивестнов8,Неивестный8,Неивестнович8
Неивестнов9,Неивестный9,Неивестнович9
Неивестнов10,Неивестный10,Неивестнович10
Неивестнов11,Неивестный11,Неивестнович11
Неивестнов12,Неивестный12,Неивестнович12
Неивестнов13,Неивестный13,Неивестнович13
Неивестнов14,Неивестный14,Неивестнович14
Неивестнов15,Неивестный15,Неивестнович15
Неивестнов16,Неивестный16,Неивестнович16
Неивестнов17,Неивестный17,Неивестнович17
Неивестнов18,Неивестный18,Неивестнович18
Неивестнов19,Неивестный19,Неивестнович19
Неивестнов20,Неивестный20,Неивестнович20
Неивестнов21,Неивестный21,Неивестнович21
Неивестнов22,Неивестный22,Неивестнович22
Неивестнов23,Неивестный23,Неивестнович23
Неивестнов24,Неивестный24,Неивестнович24
Неивестнов25,Неивестный25,Неивестнович25
Неивестнов26,Неивестный26,Неивестнович26
Неивестнов27,Неивестный27,Неивестнович27
Неивестнов28,Неивестный28,Неивестнович28
Неивестнов29,Неивестный29,Неивестнович29
Неивестнов30,Неивестный30,Неивестнович30
Неивестнов31,Неивестный31,Неивестнович31
Неивестнов32,Неивестный32,Неивестнович32
Неивестнов33,Неивестный33,Неивестнович33
Неивестнов34,Неивестный34,Неивестнович34
Неивестнов35,Неивестный35,Неивестнович35
Неивестнов36,Неивестный36,Неивестнович36
Неивестнов37,Неивестный37,Неивестнович37
Неивестнов38,Неивестный38,Неивестнович38
Неивестнов39,Неивестный39,Неивестнович39
Неивестнов40,Неивестный40,Неивестнович40
Неивестнов41,Неивестный41,Неивестнович41
Неивестнов42,Неивестный42,Неивестнович42
Неивестнов43,Неивестный43,Неивестнович43
Неивестнов44,Неивестный44,Неивестнович44
Неивестнов45,Неивестный45,Неивестнович45
Неивестнов46,Неивестный46,Неивестнович46
Неивестнов47,Неивестный47,Неивестнович47
Неивестнов48,Неивестный48,Неивестнович48
Неивестнов49,Неивестный49,Неивестнович49
Неивестнов50,Неивестный50,Неивестнович50